y,effect_A,effect_D,effect_AD
iperf_avg_mbps,372.31116249999997,-906.9783375000001,-372.18883750000003
retrans_rate,-0.005460320345264516,0.07030947250181106,-0.005417003338311327
