y,effect_A,effect_D,effect_AD
iperf_avg_mbps,-6.3125,-2041.3125,8.6875
retrans_rate,-3.238165876213359e-06,1.0010884663780161e-05,-2.6056732433440613e-06
