alg,delay_ms,n,mean,sd,ci95_half,ci95_low,ci95_high
cubic,10,8,2641.25,51.66858675387652,43.196019506639935,2598.05398049336,2684.44601950664
cubic,50,8,608.625,6.843923269169939,5.721663037645044,602.903336962355,614.346663037645
reno,10,8,2656.25,60.69537520625908,50.74260350609826,2605.5073964939015,2706.9926035060985
reno,50,8,606.25,9.003967379518244,7.527505105094426,598.7224948949056,613.7775051050944
