alg,delay_ms,n,mean,sd,ci95_half,ci95_low,ci95_high
cubic,10,8,3.933824656248665e-06,2.4295152277849184e-06,2.031125559345832e-06,1.902699096902833e-06,5.964950215594498e-06
cubic,50,8,1.1339036076684765e-05,2.0997414954851353e-05,1.755427819807211e-05,-6.215242121387346e-06,2.8893314274756876e-05
reno,10,8,4.566317289117962e-06,1.848277319641736e-06,1.5451985078135432e-06,3.021118781304419e-06,6.111515796931506e-06
reno,50,8,1.7182875196242185e-05,1.6256738612459604e-05,1.3590973594133885e-05,3.5919016021083e-06,3.077384879037607e-05
